{
  "company": {
    "name": "Peter's Small Cheddar Cheese",
    "logo": "images/logo-icon.png",
    "email": "support@somecompany.com",
    "description": "We develop innovative mobile applications to enhance your digital experience. Explore our range of products designed with users in mind."
  },
  "apps": [
    {
      "id": "app1",
      "name": "App1",
      "icon": "images/app1-icon.png",
      "landscapeImage": "images/app1-landscape.jpg",
      "shortDescription": "A powerful application that helps users accomplish tasks efficiently and intuitively.",
      "detailedDescription": "App1 is designed to streamline your workflow and boost productivity. With an intuitive interface and powerful features, it helps you manage tasks, track progress, and achieve your goals faster than ever before.",
      "features": ["Productivity", "Cloud Sync", "Cross-platform"],
      "screenshots": [
        "images/app1-screenshot1.png",
        "images/app1-screenshot2.png",
        "images/app1-screenshot3.png"
      ],
      "privacyPolicyUrl": "privacy-policies/app1-privacy.html",
      "videos": [
        {
          "title": "App1 Introduction",
          "description": "A quick overview of App1's main features",
          "youtubeId": "dQw4w9WgXcQ",
          "thumbnail": "https://img.youtube.com/vi/dQw4w9WgXcQ/maxresdefault.jpg"
        },
        {
          "title": "App1 Tutorial",
          "description": "Learn how to use App1 effectively",
          "youtubeId": "9bZkp7q19f0",
          "thumbnail": "https://img.youtube.com/vi/9bZkp7q19f0/maxresdefault.jpg"
        }
      ],
      "stores": {
        "ios": "https://apps.apple.com/app/id123456789",
        "android": "https://play.google.com/store/apps/details?id=com.company.app1",
        "windows": null
      }
    },
    {
      "id": "app2",
      "name": "Popes of the Cathloic Church",
      "icon": "images/app2/app-logo.png",
      "landscapeImage": "images/app2/app2-landscape.png",
      "shortDescription": "An innovative solution for managing your daily activities and enhancing productivity.",
      "detailedDescription": "App2 brings organization to your daily life with smart scheduling, reminders, and AI-powered suggestions. Stay on top of your commitments and never miss an important event again.",
      "features": ["Lifestyle", "AI-powered", "Offline Mode", "Cross-platform", "Customization"],
      "screenshots": [
        "images/app2/image01.png",
        "images/app2-screenshot2.png",
        "images/app2-screenshot3.png",
        "images/app2-screenshot4.png",
        "images/app2-screenshot5.png",
        "images/app2-screenshot6.png",
        "images/app2-screenshot7.png",
        "images/app2-screenshot8.png",
        "images/app2-screenshot9.png",
        "images/app2-screenshot10.png"
      ],
      "privacyPolicyUrl": "privacy-policies/app2-privacy.html",
      "videos": [
        {
          "title": "Popes of the Catholic Church - App Demo",
          "description": "See how this app helps you learn about Catholic history",
          "youtubeId": "LBr7kECsjcQ",
          "thumbnail": "https://img.youtube.com/vi/LBr7kECsjcQ/maxresdefault.jpg"
        },
        {
          "title": "New Features in Version 2.0",
          "description": "Explore the latest updates to our app",
          "youtubeId": "M7lc1UVf-VE",
          "thumbnail": "https://img.youtube.com/vi/M7lc1UVf-VE/maxresdefault.jpg"
        }
      ],
      "stores": {
        "ios": "https://apps.apple.com/app/id987654321",
        "android": "https://play.google.com/store/apps/details?id=com.company.app2",
        "windows": "https://www.microsoft.com/store/apps/app2"
      }
    },
    {
      "id": "app3",
      "name": "App3",
      "icon": "images/app3-icon.png",
      "landscapeImage": "images/app3-landscape.jpg",
      "shortDescription": "A secure and user-friendly application for managing your personal information.",
      "detailedDescription": "App3 provides bank-level security for your sensitive information. With end-to-end encryption and biometric authentication, your data remains protected while still being easily accessible when you need it.",
      "features": ["Security", "Encryption", "Biometrics"],
      "screenshots": [
        "images/app3-screenshot1.png",
        "images/app3-screenshot2.png",
        "images/app3-screenshot3.png"
      ],
      "privacyPolicyUrl": "privacy-policies/app3-privacy.html",
      "videos": [
        {
          "title": "App3 Security Features",
          "description": "Learn about the advanced security in App3",
          "youtubeId": "hHW1oY26kxQ",
          "thumbnail": "https://img.youtube.com/vi/hHW1oY26kxQ/maxresdefault.jpg"
        }
      ],
      "stores": {
        "ios": "https://apps.apple.com/app/id567891234",
        "android": "https://play.google.com/store/apps/details?id=com.company.app3",
        "windows": null
      }
    },
    {
      "id": "app4",
      "name": "App4",
      "icon": "images/app4-icon.png",
      "landscapeImage": "images/app4-landscape.jpg",
      "shortDescription": "An entertainment application that provides immersive experiences for users of all ages.",
      "detailedDescription": "App4 transforms how you experience digital entertainment with cutting-edge AR/VR technology. Connect with friends, explore virtual worlds, and enjoy content in ways you never thought possible.",
      "features": ["Entertainment", "AR/VR", "Social"],
      "screenshots": [
        "images/app4-screenshot1.png",
        "images/app4-screenshot2.png",
        "images/app4-screenshot3.png",
        "images/app4-screenshot4.png"
      ],
      "privacyPolicyUrl": "privacy-policies/app4-privacy.html",
      "videos": [
        {
          "title": "App4 AR Experience",
          "description": "See the amazing AR capabilities of App4",
          "youtubeId": "YE7VzlLtp-4",
          "thumbnail": "https://img.youtube.com/vi/YE7VzlLtp-4/maxresdefault.jpg"
        },
        {
          "title": "App4 VR Demo",
          "description": "Experience virtual reality with App4",
          "youtubeId": "jNQXAC9IVRw",
          "thumbnail": "https://img.youtube.com/vi/jNQXAC9IVRw/maxresdefault.jpg"
        },
        {
          "title": "App4 Social Features",
          "description": "Connect with friends in App4",
          "youtubeId": "8tPnX7OPo0Q",
          "thumbnail": "https://img.youtube.com/vi/8tPnX7OPo0Q/maxresdefault.jpg"
        }
      ],
      "stores": {
        "ios": "https://apps.apple.com/app/id432156789",
        "android": "https://play.google.com/store/apps/details?id=com.company.app4",
        "windows": "https://www.microsoft.com/store/apps/app4"
      }
    },
    {
      "id": "app5",
      "name": "App5",
      "icon": "images/app2-icon.png",
      "landscapeImage": "images/app5-landscape.jpg",
      "shortDescription": "An innovative solution for managing your daily activities and enhancing productivity.",
      "detailedDescription": "App5 brings organization to your daily life with smart scheduling, reminders, and AI-powered suggestions. Stay on top of your commitments and never miss an important event again.",
      "features": ["Lifestyle", "AI-powered", "Offline Mode"],
      "screenshots": [
        "images/app5-screenshot1.png",
        "images/app5-screenshot2.png"
      ],
      "privacyPolicyUrl": "privacy-policies/app5-privacy.html",
      "videos": [
        {
          "title": "App5 Productivity Tips",
          "description": "Boost your productivity with App5",
          "youtubeId": "xuCn8ux2gbs",
          "thumbnail": "https://img.youtube.com/vi/xuCn8ux2gbs/maxresdefault.jpg"
        }
      ],
      "stores": {
        "ios": "https://apps.apple.com/app/id987654321",
        "android": "https://play.google.com/store/apps/details?id=com.company.app2",
        "windows": "https://www.microsoft.com/store/apps/app2"
      }
    }
  ],
  "contact": {
    "email": "contact@companyname.com",
    "phone": "+1 (123) 456-7890",
    "address": "123 Tech Street, Innovation City",
    "social": {
      "facebook": "https://facebook.com/companyname",
      "twitter": "https://twitter.com/companyname",
      "instagram": "https://instagram.com/companyname",
      "linkedin": "https://linkedin.com/company/companyname"
    }
  }
}